$id,StoreId,ProductId,IsForSale,Price,UnitPrice,PlaceOfOrigin,Title,Description,UnitOfMeasure,DefaultImageUrl,DisplayType,AverageWeight,Taxonomy
45,75004,7070016534,TRUE,0,0,null,Meadow Fresh New Zealand Pure Milk Full Cream 1 Litre,Meadow Fresh New Zealand Pure Milk Full Cream 1 Litre,null,001\9415522285001\ShotType1_135x135.jpg,Quantity,1.066,[object Object]
167,75004,7000715271,TRUE,0,0,null,Cadbury Dairy Milk 175g,Cadbury Dairy Milk 175g,null,001\9556182117001\ShotType1_135x135.jpg,Quantity,0.182,[object Object]
177,75004,7000715913,TRUE,0,0,null,Cadbury Dairy Milk Chocolate 75g,Cadbury Dairy Milk Chocolate 75g,null,002\9556182107002\ShotType1_135x135.jpg,Quantity,0.079,[object Object]
5,75004,7001191217,TRUE,0,0,null,Nescafé Mocha Low Fat Milk Coffee Drink 240ml,Nescafé Mocha Low Fat Milk Coffee Drink 240ml,null,005\9556001054005\ShotType1_135x135.jpg,Quantity,0.26,[object Object]
51,75004,7002978059,TRUE,0,0,null,Nestlé Full Cream Milk 1 Liter,Nestlé Full Cream Milk 1 Liter,null,009\9556001858009\ShotType1_135x135.jpg,Quantity,1.076,[object Object]
161,75004,7000717029,TRUE,0,0,null,Cadbury Dairy Milk 110g,Cadbury Dairy Milk 110g,null,010\9556182100010\ShotType1_135x135.jpg,Quantity,0.13,[object Object]
49,75004,7000404721,TRUE,0,0,null,Hwa Tai Classic Marie Coffee Biscuit 300g,Hwa Tai Classic Marie Coffee Biscuit 300g,null,015\9556167230015\ShotType1_135x135.jpg,Quantity,0.334,[object Object]
67,75004,7001581791,TRUE,0,0,null,Old Town White Coffee 3in1 Instant Premix White Milk Tea 13 Sticks 520g,Old Town White Coffee 3in1 Instant Premix White Milk Tea 13 Sticks 520g,null,017\9555076300017\ShotType1_135x135.jpg,Quantity,0.546,[object Object]
191,75004,7000715395,TRUE,0,0,null,Cadbury Dairy Milk Roast Almond 175g,Cadbury Dairy Milk Roast Almond 175g,null,018\9556182117018\ShotType1_135x135.jpg,Quantity,0.178,[object Object]
193,75004,7000716014,TRUE,0,0,null,Cadbury Dairy Milk Roast Almond Chocolate 75g,Cadbury Dairy Milk Roast Almond Chocolate 75g,null,019\9556182107019\ShotType1_135x135.jpg,Quantity,0.079,[object Object]
121,75004,7004705793,TRUE,0,0,null,Tesco Milk Chocolate Malted Milk Biscuits 250g,Tesco Milk Chocolate Malted Milk Biscuits 250g,null,020\5052004264020\ShotType1_135x135.jpg,Quantity,0.246,[object Object]
163,75004,7000110949,TRUE,0,0,null,Indocafé 3 in 1 Coffeemix 30 Sachets 600g,Indocafé 3 in 1 Coffeemix 30 Sachets 600g,null,022\9311931081022\ShotType1_135x135.jpg,Quantity,0.664,[object Object]
17,75004,7000640468,TRUE,0,0,null,F&N Magnolia Lo-Fat Hi-Cal Milk 890ml,F&N Magnolia Lo-Fat Hi-Cal Milk 890ml,null,023\9556040455023\ShotType1_135x135.jpg,Quantity,0.968,[object Object]
43,75004,7070016585,TRUE,0,0,null,Meadow Fresh Low Fat New Zealand Pure Milk 1 Litre,Meadow Fresh Low Fat New Zealand Pure Milk 1 Litre,null,025\9415522285025\ShotType1_135x135.jpg,Quantity,1.062,[object Object]
185,75004,7000715484,TRUE,0,0,null,Cadbury Dairy Milk Hazel Nut 175g,Cadbury Dairy Milk Hazel Nut 175g,null,025\9556182117025\ShotType1_135x135.jpg,Quantity,0.186,[object Object]
15,75004,7000639990,TRUE,0,0,null,F&N Magnolia Lo-Fat Hi-Cal Milk 445ml,F&N Magnolia Lo-Fat Hi-Cal Milk 445ml,null,030\9556040455030\ShotType1_135x135.jpg,Quantity,0.502,[object Object]
13,75004,7000640492,TRUE,0,0,null,F&N Magnolia Lo-Fat Hi-Cal Chocolate Flavoured Milk 890ml,F&N Magnolia Lo-Fat Hi-Cal Chocolate Flavoured Milk 890ml,null,047\9556040455047\ShotType1_135x135.jpg,Quantity,0.991,[object Object]
183,75004,7000715344,TRUE,0,0,null,Cadbury Dairy Milk Fruit & Nut 175g,Cadbury Dairy Milk Fruit & Nut 175g,null,049\9556182117049\ShotType1_135x135.jpg,Quantity,0.186,[object Object]
51,75004,7071003975,TRUE,0,0,null,Häagen-Dazs Coffee Ice Cream 473ml,Häagen-Dazs Coffee Ice Cream 473ml,null,051\0074570032051\ShotType1_135x135.jpg,Quantity,0.446,[object Object]
63,75004,7004430344,TRUE,0,0,null,Droste Milk Pastilles 100g,Droste Milk Pastilles 100g,null,054\8715675110054\ShotType1_135x135.jpg,Quantity,0.107,[object Object]
11,75004,7000640387,TRUE,0,0,null,F&N Magnolia Lo-Fat Hi-Cal Chocolate Flavoured Milk 445ml,F&N Magnolia Lo-Fat Hi-Cal Chocolate Flavoured Milk 445ml,null,054\9556040455054\ShotType1_135x135.jpg,Quantity,0.512,[object Object]
195,75004,7002086735,TRUE,0,0,null,Cadbury Dairy Milk Strawberry Yoghurt 110g,Cadbury Dairy Milk Strawberry Yoghurt 110g,null,060\9556182019060\ShotType1_135x135.jpg,Quantity,0.129,[object Object]
21,75004,7000640514,TRUE,0,0,null,F&N Magnolia Lo-Fat Hi-Cal Strawberry Flavoured Milk 890ml,F&N Magnolia Lo-Fat Hi-Cal Strawberry Flavoured Milk 890ml,null,061\9556040455061\ShotType1_135x135.jpg,Quantity,0.981,[object Object]
19,75004,7000640433,TRUE,0,0,null,F&N Magnolia Lo-Fat Hi-Cal Strawberry Flavoured Milk 445ml,F&N Magnolia Lo-Fat Hi-Cal Strawberry Flavoured Milk 445ml,null,078\9556040455078\ShotType1_135x135.jpg,Quantity,0.511,[object Object]
65,75004,7070176973,TRUE,0,0,null,Nescafé Milk Coffee Drink 6 x 200ml,Nescafé Milk Coffee Drink 6 x 200ml,null,128\9556001182128\ShotType1_135x135.jpg,Quantity,1.314,[object Object]
175,75004,7002745461,TRUE,0,0,null,Cadbury Dairy Milk Chocolate 43g,Cadbury Dairy Milk Chocolate 43g,null,134\9556182020134\ShotType1_135x135.jpg,Quantity,0.044,[object Object]
151,75004,7002745488,TRUE,0,0,null,Cadbury Caramello Dairy Milk Chocolate 43g,Cadbury Caramello Dairy Milk Chocolate 43g,null,141\9556182020141\ShotType1_135x135.jpg,Quantity,0.05,[object Object]
61,75004,7004494938,TRUE,0,0,null,Dove Milk Chocolate 80g,Dove Milk Chocolate 80g,null,144\6914973602144\ShotType1_135x135.jpg,Quantity,0.081,[object Object]
189,75004,7000715565,TRUE,0,0,null,Cadbury Dairy Milk Mixed Nuts 175g,Cadbury Dairy Milk Mixed Nuts 175g,null,155\9556182117155\ShotType1_135x135.jpg,Quantity,0.182,[object Object]
169,75004,7000715492,TRUE,0,0,null,Cadbury Dairy Milk Black Forest 175g,Cadbury Dairy Milk Black Forest 175g,null,162\9556182117162\ShotType1_135x135.jpg,Quantity,0.184,[object Object]
171,75004,7000716049,TRUE,0,0,null,Cadbury Dairy Milk Black Forest Chocolate 75g,Cadbury Dairy Milk Black Forest Chocolate 75g,null,163\9556182107163\ShotType1_135x135.jpg,Quantity,0.081,[object Object]
123,75004,7004597222,TRUE,0,0,null,Tesco Milk Chocolate Sauce 300g,Tesco Milk Chocolate Sauce 300g,null,172\5052320784172\ShotType1_135x135.jpg,Quantity,0.327,[object Object]
7,75004,7001191233,TRUE,0,0,null,Nescafé Original Milk Coffee Drink 240ml,Nescafé Original Milk Coffee Drink 240ml,null,175\9556001047175\ShotType1_135x135.jpg,Quantity,0.259,[object Object]
175,75004,7004096010,TRUE,0,0,null,Klassno Original 3in1 Colombian Blend Coffeemix 24 Sticks 480g,Klassno Original 3in1 Colombian Blend Coffeemix 24 Sticks 480g,null,190\8887290020190\ShotType1_135x135.jpg,Quantity,0.529,[object Object]
187,75004,7002807734,TRUE,0,0,null,Cadbury Dairy Milk Hazel Nut Praline 180g,Cadbury Dairy Milk Hazel Nut Praline 180g,null,196\9556182020196\ShotType1_135x135.jpg,Quantity,0.202,[object Object]
179,75004,7002807815,TRUE,0,0,null,Cadbury Dairy Milk Chocolate Mousse 180g,Cadbury Dairy Milk Chocolate Mousse 180g,null,202\9556182020202\ShotType1_135x135.jpg,Quantity,0.194,[object Object]
11,75004,7000719579,TRUE,0,0,null,Pokka Cappuccino Real Brewed Coffee Drink 240ml,Pokka Cappuccino Real Brewed Coffee Drink 240ml,null,224\8888196125224\ShotType1_135x135.jpg,Quantity,0.263,[object Object]
13,75004,7003043630,TRUE,0,0,null,Pokka Real Brewed Vanilla Milk Coffee Drink 240ml,Pokka Real Brewed Vanilla Milk Coffee Drink 240ml,null,225\8888196131225\ShotType1_135x135.jpg,Quantity,0.263,[object Object]
9,75004,7001358707,TRUE,0,0,null,Nescafé Original Milk Coffee Drink 6 x 240ml,Nescafé Original Milk Coffee Drink 6 x 240ml,null,229\9556001047229\ShotType1_135x135.jpg,Quantity,1.569,[object Object]
173,75004,7001647652,TRUE,0,0,null,Cadbury Dairy Milk Blueberry 110g,Cadbury Dairy Milk Blueberry 110g,null,281\9556182016281\ShotType1_135x135.jpg,Quantity,0.13,[object Object]
3,75004,7003796566,TRUE,0,0,null,Nescafé Menu Ipoh White Coffee Milk Coffee Drink 240ml,Nescafé Menu Ipoh White Coffee Milk Coffee Drink 240ml,null,293\9556001138293\ShotType1_135x135.jpg,Quantity,0.263,[object Object]
21,75004,7004830571,TRUE,0,0,null,UCC Blended Coffee 4 x 185g,UCC Blended Coffee 4 x 185g,null,335\4901201268335\ShotType1_135x135.jpg,Quantity,0.878,[object Object]
65,75004,7004430360,TRUE,0,0,null,Droste Milk/White Pastilles 100g,Droste Milk/White Pastilles 100g,null,450\8715675110450\ShotType1_135x135.jpg,Quantity,0.107,[object Object]
93,75004,7003361632,TRUE,0,0,null,Mars Milk Chocolate 53g,Mars Milk Chocolate 53g,null,459\0000093682459\ShotType1_135x135.jpg,Quantity,0.055,[object Object]
95,75004,7070162840,TRUE,0,0,null,May Milk Luxury Pearl Essence & Rice Milk Bar Soap 3 x 85g,May Milk Luxury Pearl Essence & Rice Milk Bar Soap 3 x 85g,null,465\9556046303465\ShotType1_135x135.jpg,Quantity,0.261,[object Object]
47,75004,7000681075,TRUE,0,0,null,Dutch Lady Coffee Flavoured Milk 6 x 250ml,Dutch Lady Coffee Flavoured Milk 6 x 250ml,null,503\9556166141503\ShotType1_135x135.jpg,Quantity,1.651,[object Object]
17,75004,7001674773,TRUE,0,0,null,Power Root Alicafé Premix Coffee Drink with Tongkat Ali 250ml,Power Root Alicafé Premix Coffee Drink with Tongkat Ali 250ml,null,506\9555021501506\ShotType1_135x135.jpg,Quantity,0.272,[object Object]
9,75004,7000681555,TRUE,0,0,null,Dutch Lady Strawberry Flavoured Milk 6 x 250ml,Dutch Lady Strawberry Flavoured Milk 6 x 250ml,null,510\9556166141510\ShotType1_135x135.jpg,Quantity,1.649,[object Object]
165,75004,7002507498,TRUE,0,0,null,Indocafé Coffe-O 30 x 18g,Indocafé Coffe-O 30 x 18g,null,545\9311931054545\ShotType1_135x135.jpg,Quantity,0.608,[object Object]
201,75004,7070215812,TRUE,0,0,null,Canines' Language Fruity Peach & Milk Dog Treats 150g,Canines' Language Fruity Peach & Milk Dog Treats 150g,null,556\8887677511556\ShotType1_135x135.jpg,Quantity,0.151,[object Object]
5,75004,7000682152,TRUE,0,0,null,Dutch Lady Low Fat High Calcium Milk 6 x 250ml,Dutch Lady Low Fat High Calcium Milk 6 x 250ml,null,572\9556166141572\ShotType1_135x135.jpg,Quantity,1.643,[object Object]
197,75004,7003635031,TRUE,0,0,null,Cadbury Picnic Milk Chocolate 46g,Cadbury Picnic Milk Chocolate 46g,null,642\9300617408642\ShotType1_135x135.jpg,Quantity,0.052,[object Object]
3,75004,7000679062,TRUE,0,0,null,Dutch Lady Full Cream UHT Recombined Milk 1L,Dutch Lady Full Cream UHT Recombined Milk 1L,null,650\9556166041650\ShotType1_135x135.jpg,Quantity,1.06,[object Object]
59,75004,7003990311,TRUE,0,0,null,Dove Milk Chocolate 43g,Dove Milk Chocolate 43g,null,669\6914973600669\ShotType1_135x135.jpg,Quantity,0.044,[object Object]
133,75004,7004835999,TRUE,0,0,null,UCC Milk and Coffee 250g,UCC Milk and Coffee 250g,null,676\4901201224676\ShotType1_135x135.jpg,Quantity,0.292,[object Object]
33,75004,7004835999,TRUE,0,0,null,UCC Milk and Coffee 250g,UCC Milk and Coffee 250g,null,676\4901201224676\ShotType1_135x135.jpg,Quantity,0.292,[object Object]
91,75004,7000418781,TRUE,0,0,null,Loacker Milk-Vanilla Sandwich 200g,Loacker Milk-Vanilla Sandwich 200g,null,676\8000380004676\ShotType1_135x135.jpg,Quantity,0.209,[object Object]
71,75004,7002820757,TRUE,0,0,null,Tesco Choice Coffee Creamer 450g,Tesco Choice Coffee Creamer 450g,null,688\9555216517688\ShotType1_135x135.jpg,Quantity,0.461,[object Object]
7,75004,7000681857,TRUE,0,0,null,Dutch Lady Strawberry Flavoured Milk 1L,Dutch Lady Strawberry Flavoured Milk 1L,null,704\9556166041704\ShotType1_135x135.jpg,Quantity,1.079,[object Object]
27,75004,7004830741,TRUE,0,0,null,UCC Blended Coffee Bitou 4 x 185g,UCC Blended Coffee Bitou 4 x 185g,null,731\4901201268731\ShotType1_135x135.jpg,Quantity,0.875,[object Object]
109,75004,7004041798,TRUE,0,0,null,Tatura Milk Cream Cheese 500g,Tatura Milk Cream Cheese 500g,null,734\9555287100734\ShotType1_135x135.jpg,Quantity,0.518,[object Object]
25,75004,7004834194,TRUE,0,0,null,UCC Blended Coffee Bitou 185g,UCC Blended Coffee Bitou 185g,null,805\4901201224805\ShotType1_135x135.jpg,Quantity,0.218,[object Object]
29,75004,7004834186,TRUE,0,0,null,UCC Blended Coffee Cafe Au Lait 185g,UCC Blended Coffee Cafe Au Lait 185g,null,812\4901201224812\ShotType1_135x135.jpg,Quantity,0.219,[object Object]
23,75004,7004830563,TRUE,0,0,null,UCC Blended Coffee 4 x 185g,UCC Blended Coffee 4 x 185g,null,823\4901201268823\ShotType1_135x135.jpg,Quantity,0.874,[object Object]
149,75004,7003635023,TRUE,0,0,null,Cadbury Boost Milk Chocolate 60g,Cadbury Boost Milk Chocolate 60g,null,834\9300617302834\ShotType1_135x135.jpg,Quantity,0.07,[object Object]
155,75004,7003374807,TRUE,0,0,null,Cadbury Crunchie Milk Chocolate 50g,Cadbury Crunchie Milk Chocolate 50g,null,863\9300617322863\ShotType1_135x135.jpg,Quantity,0.056,[object Object]
131,75004,7004830792,TRUE,0,0,null,UCC Milk & Coffee 4 x 250g,UCC Milk & Coffee 4 x 250g,null,885\4901201268885\ShotType1_135x135.jpg,Quantity,1.174,[object Object]
31,75004,7004830792,TRUE,0,0,null,UCC Milk & Coffee 4 x 250g,UCC Milk & Coffee 4 x 250g,null,885\4901201268885\ShotType1_135x135.jpg,Quantity,1.174,[object Object]
53,75004,7000382434,TRUE,0,0,null,Nestlé Low Fat Milk 1 Liter,Nestlé Low Fat Milk 1 Liter,null,902\9556001052902\ShotType1_135x135.jpg,Quantity,1.078,[object Object]
199,75004,7070254702,TRUE,0,0,null,Cadbury Wispa Aerated Milk Chocolate Bar 39g,Cadbury Wispa Aerated Milk Chocolate Bar 39g,null,921\5034660026921\ShotType1_135x135.jpg,Quantity,0.043,[object Object]
143,75004,7070219818,TRUE,0,0,null,Arnott's Original Milk Arrowroot Biscuits 250g,Arnott's Original Milk Arrowroot Biscuits 250g,null,954\9310072000954\ShotType1_135x135.jpg,Quantity,0.258,[object Object]
73,75004,7003393100,TRUE,0,0,null,Tesco Choice Coffee Creamer 50 Sachets,Tesco Choice Coffee Creamer 50 Sachets,null,955\9555216536955\ShotType1_135x135.jpg,Quantity,0.296,[object Object]
73,75004,7004796594,TRUE,0,0,null,JW Milk Chocolate Milk Breadspread 350g,JW Milk Chocolate Milk Breadspread 350g,null,958\8888338008958\ShotType1_135x135.jpg,Quantity,0.561,[object Object]
181,75004,7003635058,TRUE,0,0,null,Cadbury Dairy Milk French Vanilla 180g,Cadbury Dairy Milk French Vanilla 180g,null,988\9556182021988\ShotType1_135x135.jpg,Quantity,0.197,[object Object]
23,75004,7070622566,TRUE,0,0,null,GOODDAY UHT MILK CHOCOLATE 1L,GOODDAY UHT MILK CHOCOLATE 1L,null,No url,Quantity,0,[object Object]
25,75004,7070622671,TRUE,0,0,null,GOODDAY UHT MILK CHOCOLATE 25,GOODDAY UHT MILK CHOCOLATE 25,null,No url,Quantity,0,[object Object]
27,75004,7070622167,TRUE,0,0,null,GOODDAY UHT MILK FULL CREAM 1,GOODDAY UHT MILK FULL CREAM 1,null,No url,Quantity,0,[object Object]
29,75004,7070622590,TRUE,0,0,null,GOODDAY UHT MILK FULL CREAM 2,GOODDAY UHT MILK FULL CREAM 2,null,No url,Quantity,0,[object Object]
31,75004,7070622205,TRUE,0,0,null,GOODDAY UHT MILK LOW FAT 1L,GOODDAY UHT MILK LOW FAT 1L,null,No url,Quantity,0,[object Object]
33,75004,7070622647,TRUE,0,0,null,GOODDAY UHT MILK LOW FAT 250M,GOODDAY UHT MILK LOW FAT 250M,null,No url,Quantity,0,[object Object]
35,75004,7070622515,TRUE,0,0,null,GOODDAY UHT MILK STRAWBERRY 1,GOODDAY UHT MILK STRAWBERRY 1,null,No url,Quantity,0,[object Object]
37,75004,7070622663,TRUE,0,0,null,GOODDAY UHT MILK STRAWBERRY 2,GOODDAY UHT MILK STRAWBERRY 2,null,No url,Quantity,0,[object Object]
39,75004,7002990539,TRUE,0,0,null,MAGNOLIA STER FULL CREAM MILK,MAGNOLIA STER FULL CREAM MILK,null,No url,Quantity,0,[object Object]
41,75004,7002990520,TRUE,0,0,null,MAGNOLIA STER FULL CREAM MILK,MAGNOLIA STER FULL CREAM MILK,null,No url,Quantity,0,[object Object]
47,75004,7004889495,TRUE,0,0,null,MILO UHT MILK 125MLX4,MILO UHT MILK 125MLX4,null,No url,Quantity,0,[object Object]
49,75004,7004889525,TRUE,0,0,null,MILO UHT MILK 200MLX6,MILO UHT MILK 200MLX6,null,No url,Quantity,0,[object Object]
55,75004,7003319075,TRUE,0,0,null,POKKA MANGO MILK 1L,POKKA MANGO MILK 1L,null,No url,Quantity,0,[object Object]
57,75004,7001685880,TRUE,0,0,null,POKKA MELON MILK 1L,POKKA MELON MILK 1L,null,No url,Quantity,0,[object Object]
67,75004,7070211442,TRUE,0,0,null,GHANA MILK CHOCOLATE 45% 100G,GHANA MILK CHOCOLATE 45% 100G,null,No url,Quantity,0,[object Object]
69,75004,7003276309,TRUE,0,0,null,HERSHEYS MILK CHOCOLATE CHIPS,HERSHEYS MILK CHOCOLATE CHIPS,null,No url,Quantity,0,[object Object]
71,75004,7003644324,TRUE,0,0,null,JB MILK LOTION 500ML FOC BATH,JB MILK LOTION 500ML FOC BATH,null,No url,Quantity,0,[object Object]
75,75004,7003272125,TRUE,0,0,null,KOPIKO MILK CANDY 150G,KOPIKO MILK CANDY 150G,null,No url,Quantity,0,[object Object]
77,75004,7070252408,TRUE,0,0,null,LINDT MILK ALMONDS GOLD 300G,LINDT MILK ALMONDS GOLD 300G,null,No url,Quantity,0,[object Object]
79,75004,7004725107,TRUE,0,0,null,LINDT MILK GOLD 300G,LINDT MILK GOLD 300G,null,No url,Quantity,0,[object Object]
81,75004,7000077917,TRUE,0,0,null,LINDT MILK HAZELNUT 100G,LINDT MILK HAZELNUT 100G,null,No url,Quantity,0,[object Object]
83,75004,7003470229,TRUE,0,0,null,LINDT MILK HAZELNUT GOLD 300G,LINDT MILK HAZELNUT GOLD 300G,null,No url,Quantity,0,[object Object]
85,75004,7070252327,TRUE,0,0,null,LINDT MILK RAISIN HAZELNUT GO,LINDT MILK RAISIN HAZELNUT GO,null,No url,Quantity,0,[object Object]
87,75004,7003315355,TRUE,0,0,null,LIPTON MILK TEA GOLD 16X16.5G,LIPTON MILK TEA GOLD 16X16.5G,null,No url,Quantity,0,[object Object]
89,75004,7003315339,TRUE,0,0,null,LIPTON MILK TEA ORIGINAL 20X1,LIPTON MILK TEA ORIGINAL 20X1,null,No url,Quantity,0,[object Object]
97,75004,7070211396,TRUE,0,0,null,MEYBONA MILK CHOC COCONUT 34%,MEYBONA MILK CHOC COCONUT 34%,null,No url,Quantity,0,[object Object]
99,75004,7070211418,TRUE,0,0,null,MEYBONA MILK CHOC GINGER 34%,MEYBONA MILK CHOC GINGER 34%,null,No url,Quantity,0,[object Object]
101,75004,7070211337,TRUE,0,0,null,MEYBONA MILK CHOCOLATE 34% C,MEYBONA MILK CHOCOLATE 34% C,null,No url,Quantity,0,[object Object]
103,75004,7002952416,TRUE,0,0,null,MILKYBAR MILK+COOKIE SHAREBAG,MILKYBAR MILK+COOKIE SHAREBAG,null,No url,Quantity,0,[object Object]
105,75004,7070335494,TRUE,0,0,null,TAGO MILK CHOCOLATE CRISPS 14,TAGO MILK CHOCOLATE CRISPS 14,null,No url,Quantity,0,[object Object]
107,75004,7070211450,TRUE,0,0,null,TANZANIA MILK CHOCOLATE 45% 1,TANZANIA MILK CHOCOLATE 45% 1,null,No url,Quantity,0,[object Object]
111,75004,7003143791,TRUE,0,0,null,TCHOICE MILK CHOC - FRUIT+NUT,TCHOICE MILK CHOC - FRUIT+NUT,null,No url,Quantity,0,[object Object]
113,75004,7003143732,TRUE,0,0,null,TCHOICE MILK CHOC - HAZELNUT,TCHOICE MILK CHOC - HAZELNUT,null,No url,Quantity,0,[object Object]
115,75004,7003030636,TRUE,0,0,null,TCHOICE MILK CHOC 45G,TCHOICE MILK CHOC 45G,null,No url,Quantity,0,[object Object]
117,75004,7003030814,TRUE,0,0,null,TCHOICE MILK CHOC-HZLNUTS 45G,TCHOICE MILK CHOC-HZLNUTS 45G,null,No url,Quantity,0,[object Object]
119,75004,7071017321,TRUE,0,0,null,TESCO MILK CHOC DIGESTIVE 300,TESCO MILK CHOC DIGESTIVE 300,null,No url,Quantity,0,[object Object]
125,75004,7071003118,TRUE,0,0,null,TOBLERONE MILK 200G,TOBLERONE MILK 200G,null,No url,Quantity,0,[object Object]
127,75004,7001312049,TRUE,0,0,null,TVALUE MILK CHOC DIGESTS 300G,TVALUE MILK CHOC DIGESTS 300G,null,No url,Quantity,0,[object Object]
129,75004,7004797353,TRUE,0,0,null,TVALUE MILK CHOC S/WICH BIS.,TVALUE MILK CHOC S/WICH BIS.,null,No url,Quantity,0,[object Object]
135,75004,7001485229,TRUE,0,0,null,#YAKULT ACE CULTURED MILK 5X8,#YAKULT ACE CULTURED MILK 5X8,null,No url,Quantity,0,[object Object]
137,75004,7070952221,TRUE,0,0,null,ANAKKU SIGNATURE MILK HEAD TO,ANAKKU SIGNATURE MILK HEAD TO,null,No url,Quantity,0,[object Object]
139,75004,7070952248,TRUE,0,0,null,ANAKKU SIGNATURE MILK LOTION,ANAKKU SIGNATURE MILK LOTION,null,No url,Quantity,0,[object Object]
141,75004,7070952256,TRUE,0,0,null,ANAKKU SIGNATURE MILK TALCUM,ANAKKU SIGNATURE MILK TALCUM,null,No url,Quantity,0,[object Object]
145,75004,7070699399,TRUE,0,0,null,ATROGEN ASST CULTURED MILK 5X,ATROGEN ASST CULTURED MILK 5X,null,No url,Quantity,0,[object Object]
147,75004,7070212732,TRUE,0,0,null,CADBURY BLOCK DAIRY MILK 200G,CADBURY BLOCK DAIRY MILK 200G,null,No url,Quantity,0,[object Object]
153,75004,7000716219,TRUE,0,0,null,CADBURY CHUNKY DAIRY MILK 40G,CADBURY CHUNKY DAIRY MILK 40G,null,No url,Quantity,0,[object Object]
157,75004,7070722099,TRUE,0,0,null,CADBURY D/MILK GOLD NEAPS JAR,CADBURY D/MILK GOLD NEAPS JAR,null,No url,Quantity,0,[object Object]
159,75004,7070867755,TRUE,0,0,null,CADBURY DAIRY MILK  M/P 150GX,CADBURY DAIRY MILK  M/P 150GX,null,No url,Quantity,0,[object Object]
163,75004,7070732361,TRUE,0,0,null,CADBURY DAIRY MILK 15G,CADBURY DAIRY MILK 15G,null,No url,Quantity,0,[object Object]
165,75004,7070722145,TRUE,0,0,null,CADBURY DAIRY MILK 15GX10S+2S,CADBURY DAIRY MILK 15GX10S+2S,null,No url,Quantity,0,[object Object]
15,75004,7003320847,TRUE,0,0,null,POKKA RICH COFFEE 240ML,POKKA RICH COFFEE 240ML,null,No url,Quantity,0,[object Object]
19,75004,7004834178,TRUE,0,0,null,UCC BLEND COFFEE 185G,UCC BLEND COFFEE 185G,null,No url,Quantity,0,[object Object]
35,75004,7000123420,TRUE,0,0,null,#COFFEE - MATE 450G,#COFFEE - MATE 450G,null,No url,Quantity,0,[object Object]
37,75004,7002058359,TRUE,0,0,null,COFFEE MATE 450G (FOC 50G,COFFEE MATE 450G (FOC 50G,null,No url,Quantity,0,[object Object]
39,75004,7070878137,TRUE,0,0,null,COFFEE-MATE 450G FOC CANISTER,COFFEE-MATE 450G FOC CANISTER,null,No url,Quantity,0,[object Object]
41,75004,7000831735,TRUE,0,0,null,NESTLE COFFEE MATE STICK PACK,NESTLE COFFEE MATE STICK PACK,null,No url,Quantity,0,[object Object]
43,75004,7000418439,TRUE,0,0,null,NONA COFFEE EMULCO 50G,NONA COFFEE EMULCO 50G,null,No url,Quantity,0,[object Object]
45,75004,7002282232,TRUE,0,0,null,SUPER COFFEE+ME NON-DAIRY CRE,SUPER COFFEE+ME NON-DAIRY CRE,null,No url,Quantity,0,[object Object]
53,75004,7070465150,TRUE,0,0,null,KOH-KAE PEANUT W-COFFEE 40G,KOH-KAE PEANUT W-COFFEE 40G,null,No url,Quantity,0,[object Object]
55,75004,7070789134,TRUE,0,0,null,KOH-KAE PEANUTS   COFFEE 85G,KOH-KAE PEANUTS   COFFEE 85G,null,No url,Quantity,0,[object Object]
57,75004,7070788960,TRUE,0,0,null,KOH-KAE PEANUTS  COFFEE 125G,KOH-KAE PEANUTS  COFFEE 125G,null,No url,Quantity,0,[object Object]
59,75004,7070380112,TRUE,0,0,null,KOH-KAE PEANUTS 265G - COFFEE,KOH-KAE PEANUTS 265G - COFFEE,null,No url,Quantity,0,[object Object]
61,75004,7003272117,TRUE,0,0,null,KOPIKO CANDY COFFEE 150G,KOPIKO CANDY COFFEE 150G,null,No url,Quantity,0,[object Object]
63,75004,7070373671,TRUE,0,0,null,MIXX KOPIKO MINI COFFEE CANDY,MIXX KOPIKO MINI COFFEE CANDY,null,No url,Quantity,0,[object Object]
69,75004,7070341621,TRUE,0,0,null,QUEEN NATURAL COFFEE ESS 50ML,QUEEN NATURAL COFFEE ESS 50ML,null,No url,Quantity,0,[object Object]
75,75004,7000123838,TRUE,0,0,null,#NESCAFE 3 IN 1 REGULAR 30X19,#NESCAFE 3 IN 1 REGULAR 30X19,null,No url,Quantity,0,[object Object]
77,75004,7001283634,TRUE,0,0,null,#NESCAFE CLASSIC REFILL PACK,#NESCAFE CLASSIC REFILL PACK,null,No url,Quantity,0,[object Object]
79,75004,7001283804,TRUE,0,0,null,#NESCAFE CLASSIC REFILL PACK,#NESCAFE CLASSIC REFILL PACK,null,No url,Quantity,0,[object Object]
81,75004,7001283669,TRUE,0,0,null,#NESCAFE CLASSIC REFILL PACK,#NESCAFE CLASSIC REFILL PACK,null,No url,Quantity,0,[object Object]
83,75004,7001283820,TRUE,0,0,null,#NESCAFE CLASSIC REFILL PACK,#NESCAFE CLASSIC REFILL PACK,null,No url,Quantity,0,[object Object]
85,75004,7070801800,TRUE,0,0,null,AH HUAT W/C CLASSIC 15SX30G,AH HUAT W/C CLASSIC 15SX30G,null,No url,Quantity,0,[object Object]
87,75004,7070801770,TRUE,0,0,null,AH HUAT W/C EXTRA RICH 15SX40,AH HUAT W/C EXTRA RICH 15SX40,null,No url,Quantity,0,[object Object]
89,75004,7071042946,TRUE,0,0,null,AH HUAT W/C HZL + CANE SUGAR,AH HUAT W/C HZL + CANE SUGAR,null,No url,Quantity,0,[object Object]
91,75004,7070801789,TRUE,0,0,null,AH HUAT W/C LOW FAT 15SX32G,AH HUAT W/C LOW FAT 15SX32G,null,No url,Quantity,0,[object Object]
93,75004,7070801797,TRUE,0,0,null,AH HUAT W/C LOW FAT NO SUGAR,AH HUAT W/C LOW FAT NO SUGAR,null,No url,Quantity,0,[object Object]
95,75004,7000644242,TRUE,0,0,null,AIK CHEONG INST COFFEEMIX 3 I,AIK CHEONG INST COFFEEMIX 3 I,null,No url,Quantity,0,[object Object]
97,75004,7070801819,TRUE,0,0,null,ALICAFE T/A LOW FAT 18SX30G,ALICAFE T/A LOW FAT 18SX30G,null,No url,Quantity,0,[object Object]
99,75004,7070801827,TRUE,0,0,null,ALICAFE T/A LOW FAT N/SUGAR 2,ALICAFE T/A LOW FAT N/SUGAR 2,null,No url,Quantity,0,[object Object]
101,75004,7070842639,TRUE,0,0,null,BESTARI KOPI 3IN1 15X40G,BESTARI KOPI 3IN1 15X40G,null,No url,Quantity,0,[object Object]
103,75004,7070225710,TRUE,0,0,null,BONAROMA BALI KINTAMANI BLEND,BONAROMA BALI KINTAMANI BLEND,null,No url,Quantity,0,[object Object]
105,75004,7070225648,TRUE,0,0,null,BONAROMA INDIA MALABAR BLEND,BONAROMA INDIA MALABAR BLEND,null,No url,Quantity,0,[object Object]
107,75004,7070225729,TRUE,0,0,null,BONAROMA PAPUA NEW GUINEA GOR,BONAROMA PAPUA NEW GUINEA GOR,null,No url,Quantity,0,[object Object]
109,75004,7070225680,TRUE,0,0,null,BONAROMA VIETNAM DA LAT BLEND,BONAROMA VIETNAM DA LAT BLEND,null,No url,Quantity,0,[object Object]
111,75004,7070225702,TRUE,0,0,null,BONAROMA YUNNAN SIMAO BLEND 2,BONAROMA YUNNAN SIMAO BLEND 2,null,No url,Quantity,0,[object Object]
113,75004,7003813304,TRUE,0,0,null,BONCAFE BRAZILIAN INSTANT COF,BONCAFE BRAZILIAN INSTANT COF,null,No url,Quantity,0,[object Object]
115,75004,7003748553,TRUE,0,0,null,BONCAFE COLOMBIAN MOCCA FREEZ,BONCAFE COLOMBIAN MOCCA FREEZ,null,No url,Quantity,0,[object Object]
117,75004,7003748413,TRUE,0,0,null,BONCFE COLUMBIAN DECAFENATED,BONCFE COLUMBIAN DECAFENATED,null,No url,Quantity,0,[object Object]
119,75004,7070183767,TRUE,0,0,null,CAFE 21  (NO  SUGAR ADDED) CO,CAFE 21  (NO  SUGAR ADDED) CO,null,No url,Quantity,0,[object Object]
121,75004,7070360464,TRUE,0,0,null,CAFE 21 (NO  SUGAR ADDED) COF,CAFE 21 (NO  SUGAR ADDED) COF,null,No url,Quantity,0,[object Object]
123,75004,7070789401,TRUE,0,0,null,CAFE 99 IPOH W/CO15X40G FOC,CAFE 99 IPOH W/CO15X40G FOC,null,No url,Quantity,0,[object Object]
125,75004,7070789428,TRUE,0,0,null,CAFE99 W/C L/S 35GX15 FOC TEH,CAFE99 W/C L/S 35GX15 FOC TEH,null,No url,Quantity,0,[object Object]
127,75004,7070654352,TRUE,0,0,null,DOLCE GUSTO CAFE AU LAIT 160G,DOLCE GUSTO CAFE AU LAIT 160G,null,No url,Quantity,0,[object Object]
129,75004,7003954846,TRUE,0,0,null,EURY CAFE 25GX20S,EURY CAFE 25GX20S,null,No url,Quantity,0,[object Object]
131,75004,7070732329,TRUE,0,0,null,GOLD CHOICE W/C BRW SGR 35GX1,GOLD CHOICE W/C BRW SGR 35GX1,null,No url,Quantity,0,[object Object]
133,75004,7003315479,TRUE,0,0,null,HANG TUAH 100G-BLUE,HANG TUAH 100G-BLUE,null,No url,Quantity,0,[object Object]
135,75004,7003315452,TRUE,0,0,null,HANG TUAH 100G-GREEN,HANG TUAH 100G-GREEN,null,No url,Quantity,0,[object Object]
137,75004,7003315487,TRUE,0,0,null,HANG TUAH 100G-YLW,HANG TUAH 100G-YLW,null,No url,Quantity,0,[object Object]
139,75004,7001963295,TRUE,0,0,null,HANG TUAH KOPI 2 IN 1 20X25G,HANG TUAH KOPI 2 IN 1 20X25G,null,No url,Quantity,0,[object Object]
141,75004,7001963309,TRUE,0,0,null,HANG TUAH KOPI 2 IN 1 20X25G,HANG TUAH KOPI 2 IN 1 20X25G,null,No url,Quantity,0,[object Object]
143,75004,7004691199,TRUE,0,0,null,HANG TUAH KOPI 3 IN 1 20GX20S,HANG TUAH KOPI 3 IN 1 20GX20S,null,No url,Quantity,0,[object Object]
145,75004,7003123014,TRUE,0,0,null,HANG TUAH SERBUK KOPI CAMPURA,HANG TUAH SERBUK KOPI CAMPURA,null,No url,Quantity,0,[object Object]
147,75004,7003123030,TRUE,0,0,null,HANG TUAH SERBUK KOPI CAMPURA,HANG TUAH SERBUK KOPI CAMPURA,null,No url,Quantity,0,[object Object]
149,75004,7070460868,TRUE,0,0,null,HOMES CAFE 3IN1 L/SUGAR W/COF,HOMES CAFE 3IN1 L/SUGAR W/COF,null,No url,Quantity,0,[object Object]
151,75004,7003447936,TRUE,0,0,null,IFOLIA KOPI JANTAN 25GX15S,IFOLIA KOPI JANTAN 25GX15S,null,No url,Quantity,0,[object Object]
153,75004,7004925440,TRUE,0,0,null,INDOCAFE COFFEEMIX 3IN1 20GX3,INDOCAFE COFFEEMIX 3IN1 20GX3,null,No url,Quantity,0,[object Object]
155,75004,7004406559,TRUE,0,0,null,INDOCAFE COFFEMIX 3IN1 20GX30,INDOCAFE COFFEMIX 3IN1 20GX30,null,No url,Quantity,0,[object Object]
157,75004,7003718050,TRUE,0,0,null,INDOCAFE ORIGINAL BLEND REFIL,INDOCAFE ORIGINAL BLEND REFIL,null,No url,Quantity,0,[object Object]
159,75004,7004148541,TRUE,0,0,null,INDOCAFE RP 100G (FOC10G),INDOCAFE RP 100G (FOC10G),null,No url,Quantity,0,[object Object]
161,75004,7070360405,TRUE,0,0,null,INDOCAFE RP 200G FOC ZODIAC C,INDOCAFE RP 200G FOC ZODIAC C,null,No url,Quantity,0,[object Object]
167,75004,7003954900,TRUE,0,0,null,KACIMA CAFE 25GX20S,KACIMA CAFE 25GX20S,null,No url,Quantity,0,[object Object]
169,75004,7003019519,TRUE,0,0,null,KAPAL API (HALUS) 180G,KAPAL API (HALUS) 180G,null,No url,Quantity,0,[object Object]
171,75004,7004096029,TRUE,0,0,null,KLASSNO COLOMBIAN PREMIUM 20S,KLASSNO COLOMBIAN PREMIUM 20S,null,No url,Quantity,0,[object Object]
173,75004,7004095782,TRUE,0,0,null,KLASSNO GOLD JAR 100G,KLASSNO GOLD JAR 100G,null,No url,Quantity,0,[object Object]
177,75004,7004096002,TRUE,0,0,null,KLASSNO RICH JAR 100G,KLASSNO RICH JAR 100G,null,No url,Quantity,0,[object Object]
179,75004,7004120345,TRUE,0,0,null,KLASSNO RICH POUCH 100G,KLASSNO RICH POUCH 100G,null,No url,Quantity,0,[object Object]
181,75004,7070176647,TRUE,0,0,null,KLASSNO RICH POUCH 200G,KLASSNO RICH POUCH 200G,null,No url,Quantity,0,[object Object]
183,75004,7070430152,TRUE,0,0,null,KLASSNO RICH POUCH 200G FOC R,KLASSNO RICH POUCH 200G FOC R,null,No url,Quantity,0,[object Object]
185,75004,7070795673,TRUE,0,0,null,KOPIKO LOW ACID COFFEEMIX 24S,KOPIKO LOW ACID COFFEEMIX 24S,null,No url,Quantity,0,[object Object]
187,75004,7070464839,TRUE,0,0,null,MOCCONA TRIO CLASSIC 3IN1 18G,MOCCONA TRIO CLASSIC 3IN1 18G,null,No url,Quantity,0,[object Object]
189,75004,7070464820,TRUE,0,0,null,MOCCONA TRIO ESPRESSO 3IN1 18,MOCCONA TRIO ESPRESSO 3IN1 18,null,No url,Quantity,0,[object Object]
191,75004,7070238871,TRUE,0,0,null,MOVENPICK ESPRESSO BLEND 200G,MOVENPICK ESPRESSO BLEND 200G,null,No url,Quantity,0,[object Object]
193,75004,7070238855,TRUE,0,0,null,MOVENPICK HEAVENLY BLEND 200G,MOVENPICK HEAVENLY BLEND 200G,null,No url,Quantity,0,[object Object]
195,75004,7003748022,TRUE,0,0,null,MR HAINAN LAO KOPI O 2IN1 20S,MR HAINAN LAO KOPI O 2IN1 20S,null,No url,Quantity,0,[object Object]
197,75004,7003748014,TRUE,0,0,null,MR HAINAN LAO KOPI O KOSONG 2,MR HAINAN LAO KOPI O KOSONG 2,null,No url,Quantity,0,[object Object]
199,75004,7003748030,TRUE,0,0,null,MR HAINAN LAO KOPI SUSU 20SX3,MR HAINAN LAO KOPI SUSU 20SX3,null,No url,Quantity,0,[object Object]
201,75004,7070390851,TRUE,0,0,null,NESC 3IN1 BROWN+CREAMY 30X25G,NESC 3IN1 BROWN+CREAMY 30X25G,null,No url,Quantity,0,[object Object]
